masks,images
white masked images\0.png,training samples\0.jpg
white masked images\1.png,training samples\1.jpg
white masked images\10.png,training samples\10.jpg
white masked images\100.png,training samples\100.jpg
white masked images\101.png,training samples\101.jpg
white masked images\102.png,training samples\102.jpg
white masked images\103.png,training samples\103.jpg
white masked images\104.png,training samples\104.jpg
white masked images\105.png,training samples\105.jpg
white masked images\106.png,training samples\106.jpg
white masked images\107.png,training samples\107.jpg
white masked images\108.png,training samples\108.jpg
white masked images\109.png,training samples\109.jpg
white masked images\11.png,training samples\11.jpg
white masked images\110.png,training samples\110.jpg
white masked images\111.png,training samples\111.jpg
white masked images\112.png,training samples\112.jpg
white masked images\113.png,training samples\113.jpg
white masked images\114.png,training samples\114.jpg
white masked images\115.png,training samples\115.jpg
white masked images\116.png,training samples\116.jpg
white masked images\117.png,training samples\117.jpg
white masked images\118.png,training samples\118.jpg
white masked images\119.png,training samples\119.jpg
white masked images\12.png,training samples\12.jpg
white masked images\120.png,training samples\120.jpg
white masked images\121.png,training samples\121.jpg
white masked images\122.png,training samples\122.jpg
white masked images\123.png,training samples\123.jpg
white masked images\124.png,training samples\124.jpg
white masked images\125.png,training samples\125.jpg
white masked images\126.png,training samples\126.jpg
white masked images\127.png,training samples\127.jpg
white masked images\128.png,training samples\128.jpg
white masked images\129.png,training samples\129.jpg
white masked images\13.png,training samples\13.jpg
white masked images\130.png,training samples\130.jpg
white masked images\131.png,training samples\131.jpg
white masked images\132.png,training samples\132.jpg
white masked images\133.png,training samples\133.jpg
white masked images\134.png,training samples\134.jpg
white masked images\135.png,training samples\135.jpg
white masked images\136.png,training samples\136.jpg
white masked images\137.png,training samples\137.jpg
white masked images\138.png,training samples\138.jpg
white masked images\139.png,training samples\139.jpg
white masked images\14.png,training samples\14.jpg
white masked images\140.png,training samples\140.jpg
white masked images\141.png,training samples\141.jpg
white masked images\142.png,training samples\142.jpg
white masked images\143.png,training samples\143.jpg
white masked images\144.png,training samples\144.jpg
white masked images\15.png,training samples\15.jpg
white masked images\16.png,training samples\16.jpg
white masked images\17.png,training samples\17.jpg
white masked images\18.png,training samples\18.jpg
white masked images\19.png,training samples\19.jpg
white masked images\2.png,training samples\2.jpg
white masked images\20.png,training samples\20.jpg
white masked images\21.png,training samples\21.jpg
white masked images\22.png,training samples\22.jpg
white masked images\23.png,training samples\23.jpg
white masked images\24.png,training samples\24.jpg
white masked images\25.png,training samples\25.jpg
white masked images\26.png,training samples\26.jpg
white masked images\27.png,training samples\27.jpg
white masked images\28.png,training samples\28.jpg
white masked images\29.png,training samples\29.jpg
white masked images\3.png,training samples\3.jpg
white masked images\30.png,training samples\30.jpg
white masked images\31.png,training samples\31.jpg
white masked images\32.png,training samples\32.jpg
white masked images\33.png,training samples\33.jpg
white masked images\34.png,training samples\34.jpg
white masked images\35.png,training samples\35.jpg
white masked images\36.png,training samples\36.jpg
white masked images\37.png,training samples\37.jpg
white masked images\38.png,training samples\38.jpg
white masked images\39.png,training samples\39.jpg
white masked images\4.png,training samples\4.jpg
white masked images\40.png,training samples\40.jpg
white masked images\41.png,training samples\41.jpg
white masked images\42.png,training samples\42.jpg
white masked images\43.png,training samples\43.jpg
white masked images\44.png,training samples\44.jpg
white masked images\45.png,training samples\45.jpg
white masked images\46.png,training samples\46.jpg
white masked images\47.png,training samples\47.jpg
white masked images\48.png,training samples\48.jpg
white masked images\49.png,training samples\49.jpg
white masked images\5.png,training samples\5.jpg
white masked images\50.png,training samples\50.jpg
white masked images\51.png,training samples\51.jpg
white masked images\52.png,training samples\52.jpg
white masked images\53.png,training samples\53.jpg
white masked images\54.png,training samples\54.jpg
white masked images\55.png,training samples\55.jpg
white masked images\56.png,training samples\56.jpg
white masked images\57.png,training samples\57.jpg
white masked images\58.png,training samples\58.jpg
white masked images\59.png,training samples\59.jpg
white masked images\6.png,training samples\6.jpg
white masked images\60.png,training samples\60.jpg
white masked images\61.png,training samples\61.jpg
white masked images\62.png,training samples\62.jpg
white masked images\63.png,training samples\63.jpg
white masked images\64.png,training samples\64.jpg
white masked images\65.png,training samples\65.jpg
white masked images\66.png,training samples\66.jpg
white masked images\67.png,training samples\67.jpg
white masked images\68.png,training samples\68.jpg
white masked images\69.png,training samples\69.jpg
white masked images\7.png,training samples\7.jpg
white masked images\70.png,training samples\70.jpg
white masked images\71.png,training samples\71.jpg
white masked images\72.png,training samples\72.jpg
white masked images\73.png,training samples\73.jpg
white masked images\74.png,training samples\74.jpg
white masked images\75.png,training samples\75.jpg
white masked images\76.png,training samples\76.jpg
white masked images\77.png,training samples\77.jpg
white masked images\78.png,training samples\78.jpg
white masked images\79.png,training samples\79.jpg
white masked images\8.png,training samples\8.jpg
white masked images\80.png,training samples\80.jpg
white masked images\81.png,training samples\81.jpg
white masked images\82.png,training samples\82.jpg
white masked images\83.png,training samples\83.jpg
white masked images\84.png,training samples\84.jpg
white masked images\85.png,training samples\85.jpg
white masked images\86.png,training samples\86.jpg
white masked images\87.png,training samples\87.jpg
white masked images\88.png,training samples\88.jpg
white masked images\89.png,training samples\89.jpg
white masked images\9.png,training samples\9.jpg
white masked images\90.png,training samples\90.jpg
white masked images\91.png,training samples\91.jpg
white masked images\92.png,training samples\92.jpg
white masked images\93.png,training samples\93.jpg
white masked images\94.png,training samples\94.jpg
white masked images\95.png,training samples\95.jpg
white masked images\96.png,training samples\96.jpg
white masked images\97.png,training samples\97.jpg
white masked images\98.png,training samples\98.jpg
white masked images\99.png,training samples\99.jpg
